insert into patient
    (second_name, first_name, third_name, address, date_of_birth, phone)
values ('Матвеев', 'Владислав', 'Робертович',
        'наб. Гагарина, 09', '1983-07-14', 3863512027),
       ('Бобров', 'Владлен', 'Родионович',
        'бульварБухарестская,05', '1999-08-21', 606528897),
       ('Дмитриев', 'Влас', 'Романович',
        'наб.Чехова,39', '2010-05-21', 5034908984),
       ('Калинин', 'Всеволод', 'Савельевич',
        'шоссе Будапештсткая,27', '1982-01-01', 6922995853),
       ('Анисимов', 'Вячеслав', 'Семенович',
        'ул.Ленина,61', '2011-10-19', 9101481237),
       ('Петухов', 'Гавриил', 'Сергеевич',
        'пр.Сталина,97', '1960-07-04', 9726097008),
       ('Антонов', 'Галактион', 'Станиславович',
        'бульвар Будапештсткая,13', '1965-12-04', 8725902555),
       ('Тимофеев', 'Геласий', 'Степанович',
        'бульвар Гоголя,96', '2002-05-20', 437554194),
       ('Никифоров', 'Геннадий', 'Давыдович',
        'въезд Сталина,12', '2006-03-23', 1009921332),
       ('Веселов', 'Георгий', 'Данилович',
        'спуск Будапештсткая,49', '1995-05-05', 2256299156),
       ('Филиппов', 'Герасим', 'Денисович',
        'пл.Сталина,9', '1999-09-23', 5917466928),
       ('Марков', 'Герман', 'Дмитриевич',
        'бульвар Чехова,61', '1991-08-25', 6982119278),
       ('Большаков', 'Германн', 'Евгеньевич',
        'спуск Гоголя,17', '1977-04-07', 9931642488),
       ('Суханов', 'Глеб', 'Егорович',
        'пл.Сталина,60', '1987-06-09', 5061962340),
       ('Миронов', 'Гордей', 'Емельянович',
        'шоссе Ломоносова,95', '1983-01-07', 7727583421),
       ('Ширяев', 'Григорий', 'Ефимович',
        'спуск Косиора,73', '1980-01-25', 2799677070),
       ('Александров', 'Демьян', 'Иванович',
        'въезд Космонавтов,86', '2015-01-23', 7785718027),
       ('Коновалов', 'Денис', 'Игоревич',
        'въезд Домодедовская,05', '1955-01-18', 6893417523),
       ('Шестаков', 'Дмитрий', 'Ильич',
        'спуск Ломоносова,89', '1963-07-17', 1722687923),
       ('Казаков', 'Добрыня', 'Иосифович',
        'въезд Чехова,29', '1986-08-29', 6713168297),
       ('Ефимов', 'Донат', 'Тарасович',
        'спуск Космонавтов,93', '1957-03-22', 7172915998),
       ('Денисов', 'Дорофей', 'Тимофеевич',
        'бульвар Сталина,04', '1979-09-21', 5159935200),
       ('Громов', 'Нестор', 'Тихонович',
        'пл.Домодедовская,21', '1956-05-26', 1426547339),
       ('Фомин', 'Никанор', 'Федорович',
        'наб.Космонавтов,45', '2009-10-03', 5944247156),
       ('Давыдов', 'Никита', 'Феликсович',
        'ул.Будапештсткая,46', '1960-06-23', 3982391592),
       ('Мельников', 'Никифор', 'Филиппович',
        'въезд Космонавтов,20', '1991-07-01', 9276527615),
       ('Щербаков', 'Никодим', 'Кириллович',
        'пр.Космонавтов,97', '1987-09-18', 2878547837),
       ('Блинов', 'Николай', 'Константинович',
        'пр.Домодедовская,11', '1974-06-17', 8999636320),
       ('Колесников', 'Никон', 'Корнеевич',
        'бульвар 1905 года,23', '1991-08-30', 2582464700),
       ('Карпов', 'Онуфрий', 'Леонидович',
        'бульвар Домодедовская,96', '2002-02-11', 5558002454);

insert into doctor (second_name, first_name, third_name)
values ('Волков', 'Антонин', 'Борисович'),
       ('Соловьёв', 'Аристарх', 'Назарович'),
       ('Васильев', 'Аркадий', 'Наумович'),
       ('Зайцев', 'Арсений', 'Николаевич'),
       ('Павлов', 'Артемий', 'Павлович'),
       ('Семёнов', 'Артур', 'Петрович'),
       ('Голубев', 'Архипп', 'Платонович'),
       ('Виноградов', 'Афанасий', 'Савельевич'),
       ('Богданов', 'Богдан', 'Семенович'),
       ('Смирнов', 'Авдей', 'Александрович'),
       ('Иванов', 'Акакий', 'Алексеевич'),
       ('Кузнецов', 'Александр', 'Анатольевич'),
       ('Соколов', 'Алексей', 'Андреевич'),
       ('Попов', 'Альберт', 'Анатольевич'),
       ('Кузнецов', 'Александр', 'Антонович'),
       ('Лебедев', 'Альвиан', 'Аркадьевич'),
       ('Козлов', 'Анатолий', 'Арсеньевич'),
       ('Новиков', 'Андрей', 'Артемович'),
       ('Морозов', 'Аникита', 'Афанасьевич'),
       ('Петров', 'Антон', 'Богданович'),
       ('Воробьёв', 'Борис', 'Сергеевич'),
       ('Фёдоров', 'Вавила', 'Станиславович'),
       ('Михайлов', 'Вадим', 'Степанович'),
       ('Беляев', 'Валентин', 'Вадимович'),
       ('Тарасов', 'Валерий', 'Валентинович'),
       ('Белов', 'Валерьян', 'Валериевич'),
       ('Комаров', 'Варлам', 'Васильевич'),
       ('Орлов', 'Варсонофий', 'Викторович'),
       ('Киселёв', 'Василий', 'Витальевич'),
       ('Макаров', 'Венедикт', 'Владимирович');

insert into position (name, salary)
values ('Акушер', 24448),
       ('Аллерголог', 47298),
       ('Ангиохирург', 37109),
       ('Ангиохирург', 37109),
       ('Анестезиолог', 94497),
       ('Аудиолог', 70440),
       ('Венеролог', 43297),
       ('Вертебролог', 47650),
       ('Гастроэнтеролог', 31573),
       ('Гематолог', 36474),
       ('Генетик', 36563),
       ('Гепатолог', 87398),
       ('Гериатр', 35048),
       ('Гигиенист', 67690),
       ('Гинеколог', 35580),
       ('Гирудотерапевт', 53959),
       ('Гомеопат', 27854),
       ('Нарколог', 71951),
       ('Невролог', 36275),
       ('Нейрофизиолог', 49346),
       ('Нейрохирург', 20935),
       ('Неонатолог', 30826),
       ('Нефролог', 89820),
       ('Паразитолог', 65599),
       ('Пародонтолог', 37727),
       ('Патологоанатом', 45277),
       ('Педагог', 62480),
       ('Педиатр', 41661),
       ('Фармацевт', 77240),
       ('Фельдшер', 81199);


insert into doctor_position (id_doctor, id_position, rate)
values (30, 1, 0.5),
       (29, 2, 1),
       (28, 3, 0.4),
       (27, 4, 0.3),
       (26, 5, 0.5),
       (25, 6, 1),
       (24, 7, 0.2),
       (23, 8, 0.6),
       (22, 9, 0.8),
       (21, 10, 1),
       (20, 11, 0.5),
       (19, 12, 1),
       (18, 13, 0.4),
       (17, 14, 0.4),
       (16, 15, 0.5),
       (15, 16, 0.6),
       (14, 17, 0.5),
       (13, 18, 0.5),
       (12, 19, 0.6),
       (11, 20, 1),
       (10, 21, 0.6),
       (9, 22, 0.5),
       (8, 23, 1),
       (7, 24, 0.4),
       (6, 25, 0.6),
       (5, 26, 0.5),
       (4, 27, 1),
       (3, 28, 0.4),
       (2, 29, 0.5),
       (1, 30, 1),
       (21, 1, 1),
       (20, 2, 0.5),
       (19, 3, 1),
       (18, 4, 0.4),
       (17, 5, 0.4),
       (16, 6, 0.5),
       (15, 9, 0.6),
       (14, 8, 0.5),
       (13, 1, 0.5);

insert into record (date, time, cabinet, id_patient, id_doctor)
values ('2020-03-21', '16:56', 2, 1, 30),
       ('2020-11-12', '13:18', 15, 2, 29),
       ('2020-07-18', '16:37', 29, 3, 28),
       ('2020-12-22', '16:03', 40, 4, 27),
       ('2020-12-14', '13:38', 33, 5, 26),
       ('2020-12-22', '10:54', 12, 6, 25),
       ('2021-02-09', '14:27', 17, 7, 24),
       ('2020-07-15', '17:18', 21, 8, 23),
       ('2020-04-20', '14:23', 45, 9, 22),
       ('2020-10-12', '10:42', 77, 10, 21),
       ('2020-05-15', '14:21', 66, 11, 20),
       ('2021-03-01', '8:47', 21, 12, 19),
       ('2020-09-11', '14:13', 13, 13, 18),
       ('2020-12-31', '15:28', 4, 14, 17),
       ('2020-10-10', '9:49', 6, 15, 16),
       ('2020-11-30', '10:04', 3, 16, 15),
       ('2020-11-09', '11:15', 9, 17, 14),
       ('2020-09-06', '11:53', 13, 18, 13),
       ('2020-06-14', '13:29', 2, 19, 12),
       ('2020-07-26', '15:40', 5, 20, 11),
       ('2020-05-28', '16:12', 1, 21, 10),
       ('2020-07-27', '16:38', 2, 22, 9),
       ('2020-12-21', '9:46', 1, 23, 8),
       ('2020-09-17', '10:44', 22, 24, 7),
       ('2020-09-19', '14:53', 30, 25, 6),
       ('2021-01-08', '10:54', 17, 26, 5),
       ('2021-01-22', '16:05', 16, 27, 4),
       ('2020-04-19', '16:02', 18, 28, 3),
       ('2020-04-19', '16:21', 10, 29, 2),
       ('2020-03-21', '10:25', 21, 30, 1),
       ('2020-06-14', '13:29', 2, 1, 30),
       ('2020-07-26', '15:40', 5, 2, 29),
       ('2020-05-28', '16:12', 1, 3, 28),
       ('2020-07-27', '16:38', 2, 4, 27),
       ('2020-12-21', '9:46', 1, 5, 26),
       ('2020-09-17', '10:44', 6, 7, 25),
       ('2020-09-19', '14:53', 8, 25, 24),
       ('2021-01-08', '10:54', 9, 26, 23),
       ('2021-01-22', '16:05', 10, 27, 22),
       ('2020-04-19', '16:02', 11, 28, 21),
       ('2020-04-19', '16:21', 12, 29, 20);

insert into diagnosis (disease_name, severity)
values ('Аббревиатоз', 'Легкая'),
       ('Абфракция', 'Средняя'),
       ('Агранулоцитоз', 'Средняя'),
       ('Мицетома', 'Легкая'),
       ('Аденоиды', 'Средняя'),
       ('Меторхоз', 'Средняя'),
       ('Акантоцефалёзы', 'Тяжелая'),
       ('Актиномикоз', 'Легкая'),
       ('Ахиллобурсит', 'Тяжелая'),
       ('Ахолия', 'Средняя'),
       ('Лактостаз', 'Тяжелая'),
       ('Лимфостаз', 'Легкая'),
       ('Мастопатия', 'Средняя'),
       ('Круп', 'Тяжелая'),
       ('Ангидроз', 'Тяжелая'),
       ('Анизакидоз', 'Легкая'),
       ('Анизометропия', 'Легкая'),
       ('Аортит', 'Средняя'),
       ('Аплазия', 'Тяжелая'),
       ('Апофаллоз', 'Средняя'),
       ('Апудома', 'Тяжелая'),
       ('Гипогликемия', 'Средняя'),
       ('Гиподерматоз', 'Легкая'),
       ('Гипоменорея', 'Средняя'),
       ('Гипохондроплазия', 'Средняя'),
       ('Гистоплазмоз', 'Тяжелая'),
       ('Гликогевзия', 'Средняя'),
       ('Глюкагонома', 'Средняя'),
       ('Гонгилонематоз', 'Тяжелая'),
       ('Грипп', 'Легкая');

insert into record_diagnosis (id_record, id_diagnosis)
VALUES (1, 30),
       (2, 29),
       (3, 28),
       (4, 27),
       (5, 26),
       (6, 25),
       (7, 24),
       (8, 23),
       (9, 22),
       (10, 21),
       (11, 20),
       (12, 19),
       (13, 18),
       (14, 17),
       (15, 16),
       (16, 15),
       (17, 14),
       (18, 13),
       (19, 12),
       (20, 11),
       (21, 10),
       (22, 9),
       (23, 8),
       (24, 7),
       (25, 6),
       (26, 5),
       (27, 4),
       (28, 3),
       (29, 2),
       (30, 1);

insert into medicine (medicine_name, cost)
VALUES ('Абакавир', 907),
       ('Адалат', 741),
       ('Адалимумаб', 833),
       ('Аддералл', 1928),
       ('Аденозин', 1513),
       ('Адефовир', 959),
       ('Адифенин', 1644),
       ('Адреналин', 1540),
       ('Азаран', 900),
       ('Азатиоприн', 1473),
       ('Азацитидин', 847),
       ('Азеластин', 447),
       ('Азенапин', 1739),
       ('Азинокс', 839),
       ('Акридипин', 476),
       ('Акрипамид', 1145),
       ('Аксоне', 1236),
       ('Акталипид', 1169),
       ('Актасулид', 1245),
       ('Актрапид', 881),
       ('Алгелдрат', 1795),
       ('Алдофосфамид', 1124),
       ('Алемтузумаб', 680),
       ('Алерза', 1461),
       ('Алерприв', 1126),
       ('Алзолам', 1220),
       ('Алив', 1433),
       ('Алимемазин', 847),
       ('Алирокумаб', 912),
       ('Алкафтадин', 561);

insert into recipe (quantity, duration, dosage, id_record, id_medicine)
VALUES (2, 2, 3, 1, 30),
       (2, 2, 3, 1, 29),
       (3, 1, 3, 2, 29),
       (3, 3, 3, 3, 28),
       (1, 4, 4, 4, 27),
       (5, 2, 3, 5, 26),
       (5, 2, 3, 5, 21),
       (1, 1, 4, 6, 25),
       (2, 5, 2, 7, 24),
       (4, 4, 2, 8, 23),
       (1, 2, 3, 9, 22),
       (1, 2, 4, 10, 21),
       (2, 3, 4, 11, 20),
       (4, 2, 3, 12, 19),
       (1, 1, 3, 13, 18),
       (1, 3, 2, 14, 17),
       (1, 3, 2, 14, 1),
       (3, 4, 3, 15, 16),
       (2, 1, 4, 16, 15),
       (2, 1, 4, 16, 17),
       (3, 2, 4, 17, 14),
       (2, 1, 2, 18, 13),
       (1, 2, 3, 19, 12),
       (1, 2, 3, 20, 11),
       (2, 3, 2, 21, 10),
       (1, 4, 3, 22, 9),
       (1, 4, 3, 22, 4),
       (3, 2, 4, 23, 8),
       (3, 1, 3, 24, 7),
       (2, 2, 2, 25, 6),
       (1, 2, 3, 26, 5),
       (1, 1, 3, 27, 4),
       (1, 1, 3, 27, 23),
       (2, 3, 4, 28, 3),
       (1, 3, 3, 29, 2),
       (2, 4, 2, 30, 1);
